Time (ms),Subject 1 (T1),Subject 2 (T1),Subject 1 (T2),Subject 2 (T2)
500,84.2697,91.4634,60.4839,59.2885
1000,84.2697,91.4634,60.4839,59.2885
1500,84.0619,91.1834,60.4606,59.2885
2000,85.6542,91.8788,60.3391,58.8973
2500,87.2093,91.1772,60.0762,58.4359
3000,87.1246,89.7992,59.2526,58.7312
3500,86.8726,90.3571,58.6644,59.1926
4000,86.7052,92.0227,59.1295,58.9342
4500,87.5899,91.9105,59.6737,58.4728
5000,89.1475,91.141,60.776,57.8148
5500,89.8204,91.9571,61.5625,57.041
6000,89.8204,91.8744,60.6983,56.5014
6500,90.4375,90.1645,60.7558,55.9733
7000,91.7605,89.8047,64.6925,55.903
7500,93.1081,91.6464,69.0724,56.2174
8000,94.3291,93.1426,71.9005,56.7069
8500,95.8003,93.4519,72.0397,57.6943
9000,97.5119,92.3365,69.9949,58.4568
9500,98.7457,91.5574,67.3286,58.8014
10000,98.904,92.0669,65.0251,59.4547
10500,98.3437,92.2745,64.196,61.1772
11000,98.3075,92.7285,62.906,61.8198
11500,98.8313,94.4017,61.0068,59.6395
12000,99.0789,95.7123,59.2666,57.9757
12500,98.8157,95.2184,57.7952,57.315
13000,98.2998,95.2685,56.9915,56.8477
13500,97.7311,96.3945,57.7653,57.0645
14000,97.6471,96.8731,58.2358,57.2652
14500,97.7922,97.1613,57.462,57.5967
15000,97.2974,97.054,56.8552,57.9151
15500,96.2042,97.7903,57.5159,57.8072
16000,95.2318,98.6842,58.1395,57.6959
16500,94.9367,98.6842,59.7941,57.3042
17000,95.0867,98.8201,61.4044,56.8671
17500,95.389,99.1469,59.9769,58.7233
18000,95.5414,99.3377,58.5938,61.1785
18500,95.2439,99.3377,58.4807,61.2107
19000,94.9415,99.3377,58.3667,60.5884
19500,95.3557,99.1469,59.4716,59.4899
20000,96.3423,98.9404,60.6531,58.3177
20500,97.1563,99.0789,59.8142,57.8776
21000,97.4026,98.9587,58.8616,57.5434
21500,96.7028,99.3053,58.3032,58.0224
22000,96.5516,99.7168,57.7376,58.8144
22500,97.9837,99.4225,59.0713,58.6766
23000,98.9879,99.7811,60.7129,58.1066
23500,97.6312,101.133,59.9371,58.0485
24000,95.4064,102.041,58.7462,58.2738
24500,93.8603,101.372,58.88,58.9334
25000,93.0552,100.954,59.2274,59.9925
25500,94.6012,101.278,60.9969,59.6524
26000,95.8476,101.495,63.1322,58.1461
26500,95.7692,101.839,62.1569,57.3197
27000,95.9236,102.041,60.6192,56.9932
27500,95.7692,102.041,59.9292,56.8562
28000,95.9211,102.041,59.3316,56.9642
28500,95.8501,102.041,60.5066,57.1993
29000,94.6703,102.228,61.8541,57.8651
29500,93.0993,102.578,61.0235,58.7626
30000,91.972,102.67,60.0317,60.8298
30500,91.7821,102.32,59.5427,62.0315
31000,91.7911,102.041,59.0702,60.3091
31500,90.807,102.041,60.1878,58.761
32000,89.3196,101.581,61.398,57.5353
32500,88.1511,101.059,60.8681,56.5658
33000,88.7762,101.174,60.2508,56.2489
33500,90.2265,101.166,59.8853,55.9701
34000,90.8066,99.5098,59.5267,56.8106
34500,91.2284,98.0392,61.4931,57.6716
35000,92.4238,97.8279,63.4416,57.3007
35500,93.243,96.9769,62.7021,56.8636
36000,92.8472,95.6878,61.8881,56.4042
36500,92.5926,95.2898,61.2607,55.8761
37000,91.7778,95.2657,61.0743,55.9608
37500,91.2974,93.4809,63.0375,56.2753
38000,91.6364,91.1667,64.1869,56.391
38500,91.2952,90.3614,62.7235,56.391
39000,91.771,88.0565,61.3585,56.2339
39500,93.2285,85.8787,60.3748,55.8162
40000,93.3199,85.819,60.123,55.5556
40500,91.8799,84.4828,61.1067,55.5556
41000,91.2239,83.5102,61.4131,55.573
41500,92.4055,83.5912,60.6693,55.8851
42000,93.8716,83.184,59.8359,56.1798
42500,94.5825,83.0755,58.8983,56.2769
43000,94.5594,83.1042,58.4954,56.3825
43500,94.9453,82.674,58.84,57.2633
44000,96.2412,82.6416,58.7827,58.3647
44500,96.6879,82.6266,57.9908,57.9332
45000,95.8295,82.1936,57.4153,57.0455
45500,94.7819,82.2086,57.1968,57.2357
46000,93.4731,81.7388,57.2415,57.8964
46500,92.7997,80.637,58.6048,58.6679
47000,92.963,80.2139,59.761,59.5981
47500,92.6996,80.2139,59.761,59.3446
48000,91.9648,80.2415,59.713,58.1908
48500,91.2417,80.4571,59.36,57.479
49000,91.9312,80.7847,59.1294,57.042
49500,93.9548,81.0026,59.8438,56.7379
50000,95.3044,81.0811,60.5134,56.5243
50500,95.2511,81.0811,60.7592,56.5249
51000,94.5358,81.3063,60.6761,57.0651
51500,93.8093,82.4324,58.7054,57.598
52000,93.2287,83.5102,57.0087,58.3899
52500,92.2065,84.1379,56.4766,58.9397
53000,92.1588,85.3978,55.9701,58.0381
53500,93.6376,85.5231,57.9006,57.2348
54000,94.899,85.0443,60.036,56.6987
54500,95.1592,85.4237,59.5946,56.1798
55000,95.2415,85.1719,58.8859,56.1798
55500,95.5414,84.9153,58.2339,56.1798
56000,95.0971,85.3747,57.5578,56.9245
56500,94.528,86.185,58.2759,57.9044
57000,95.5887,86.7052,59.3021,58.7038
57500,96.4715,86.8383,58.2397,59.5145
58000,96.6158,87.0903,56.5677,59.3594
58500,97.0769,87.2093,56.0478,58.7758
59000,96.8531,87.2093,55.8389,58.0947
59500,96.3947,87.3113,56.3327,57.3149
60000,97.4291,87.5746,57.5214,56.8618
60500,98.1767,87.9856,57.7319,56.5402
61000,97.0148,88.2353,56.752,56.3479
61500,96.044,88.8264,56.2391,56.2423
62000,95.9581,90.721,56.4511,56.2374
62500,96.4814,92.0245,56.8755,56.4494
63000,96.5211,92.0245,58.5736,56.653
63500,95.3629,91.4768,59.7802,56.9771
64000,93.5741,90.1074,58.4061,57.2581
64500,92.077,89.2857,57.3096,57.3677
65000,90.4094,90.463,58.2112,57.4713
65500,90.1751,91.9982,59.0858,57.4713
66000,91.3312,92.3535,60.0461,57.4713
66500,91.2883,93.6437,60.8849,56.903
67000,89.0592,93.229,59.4668,56.2573
67500,87.052,91.8115,58.1395,56.1798
68000,86.6226,92.6347,57.3717,56.1798
68500,85.7889,93.1677,56.6038,56.5724
69000,85.6348,93.7255,58.0981,57.2181
69500,85.3911,93.1451,59.7962,57.7631
70000,83.8064,91.5578,57.0875,58.3244
70500,82.8729,91.3269,53.7779,58.5399
71000,82.6266,92.3565,53.2026,58.4259
71500,82.645,93.389,52.9207,58.3658
72000,82.645,93.9649,53.2363,58.3658
72500,82.645,94.7596,54.4014,58.7911
73000,82.645,95.6767,55.0021,59.9726
73500,82.645,96.7582,54.2143,60.4974
74000,82.645,97.6169,53.5714,59.8949
74500,82.645,97.9552,53.1278,58.9085
75000,82.645,98.1321,52.6579,57.2365
75500,82.645,98.4546,53.0074,56.0365
76000,95.0292,98.6842,53.5733,55.4192
76500,95.6378,98.6842,54.0187,54.9548
77000,95.3338,98.6842,54.6095,55.1575
77500,94.6154,98.6842,54.7747,55.3506
78000,94.717,98.7522,54.0879,55.902
78500,94.4172,99.0789,53.5753,56.5286
79000,93.071,99.6689,54.0623,56.4427
79500,92.4772,100,54.5455,56.2307
80000,92.7607,100,55.5509,56.3121
80500,92.308,100,56.7953,56.5241
81000,92.0245,100.067,56.7335,56.5501
81500,91.0371,100.403,56.3062,56.4438
82000,90.0865,100.671,56.5466,56.431
82500,90.1796,100.949,57.1923,56.5374
83000,90.0281,101.507,58.136,56.7148
83500,90.5564,101.757,59.5208,57.1486
84000,91.7077,101.633,59.4585,57.4713
84500,92.4405,101.823,57.8551,57.4713
85000,92.963,102.424,56.5946,57.4281
85500,93.4589,103.068,55.4498,56.8879
86000,93.75,103.423,55.0704,56.391
86500,94.2788,103.233,56.768,56.8008
87000,95.6006,103.034,58.0007,57.2312
87500,96.8981,103.151,56.916,57.2519
88000,97.4026,103.034,55.9701,57.2519
88500,97.6343,103.134,56.927,57.3353
89000,98.1152,103.448,57.8995,57.4449
89500,98.7137,103.448,59.0864,57.3976
90000,99.5611,103.448,60.3708,57.2879
90500,100.365,103.618,59.6069,57.3151
91000,100.671,103.977,58.6618,57.4248
91500,100.435,104.167,58.5938,57.6343
92000,99.6052,104.161,58.5938,57.9685
92500,98.4364,103.802,59.7925,58.433
93000,97.6318,103.756,61.2334,59.1251
93500,97.4026,103.862,59.8108,60.6853
94000,96.6432,103.362,57.9193,63.5321
94500,96.412,103.034,57.6039,66.2369
95000,97.5981,103.075,57.4934,68.0319
95500,98.3932,102.565,58.202,66.5347
96000,97.9665,101.329,59.2282,63.7766
96500,95.0147,100.96,58.7332,59.9915
97000,92,101.3,57.5972,56.4358
97500,91.2143,100.711,57.3177,57.6926
98000,91.2594,99.4639,57.4274,59.6027
98500,92.2747,99.0789,58.3052,59.7183
99000,92.9359,98.9927,59.9339,59.3625
99500,92.795,98.1459,59.9747,58.9342
100000,93.0328,97.6987,58.5678,58.4728
100500,93.8005,97.5524,57.9151,58.4469
101000,95.0726,96.4537,57.9151,58.5609
101500,96.5076,93.8084,58.4185,59.5505
102000,97.6244,92.2608,59.703,60.9913
102500,98.0753,92.0937,60.24,61.5655
103000,98.3978,91.3595,59.6424,61.692
103500,99.5744,91.2461,60.6485,60.8818
104000,100.568,90.0043,60.6485,59.7795
104500,101.201,88.3902,60.6485,59.7029
105000,101.996,88.2833,60.6485,59.941
105500,101.752,88.5444,60.6485,59.9101
106000,100.957,87.4915,60.6485,59.7906
106500,100.026,85.9699,60.6485,59.4122
107000,99.6107,85.6912,67.6856,58.9435
107500,99.7351,84.9689,66.6344,58.5037
108000,98.9231,84.2697,64.1643,58.0495
108500,97.2177,84.2697,61.2452,57.6367
109000,96.4963,84.2697,58.8926,57.1963
109500,96.5062,84.4506,56.8621,57.1496
110000,96.5806,84.8552,55.6961,57.3681
110500,97.4089,85.3966,54.7802,57.8197
111000,98.2353,85.9468,55.0272,58.6116
111500,98.3075,85.7898,57.1501,59.1991
112000,98.0392,85.0731,58.5938,59.552
112500,97.81,84.7458,58.5938,59.6198
113000,97.3384,85.0944,58.5177,59.2669
113500,96.8581,85.5787,58.1784,59.7371
114000,96.3871,85.7143,58.0373,61.5903
114500,97.0965,85.4903,58.8417,63.6519
115000,98.543,85.2468,59.4919,65.6045
115500,99.571,85.3837,59.2576,65.4723
116000,100.383,86.8877,58.9056,63.6515
116500,100.548,88.2353,57.4679,60.6914
117000,99.8818,86.9463,56.1798,57.5879
117500,96.8987,86.9463,55.2931,57.0979
118000,95.0382,86.9463,54.3771,57.535
118500,96.0268,86.9463,55.044,57.6923
119000,96.6055,85.6331,55.9599,57.6923
119500,96.7742,87.4806,55.732,57.6923
120000,96.4715,88.8293,55.0144,57.6923
120500,95.7183,90.5285,54.4091,58.4995
121000,94.9637,91.3636,53.6326,60.5176
121500,94.7937,92.6799,53.5106,61.4446
122000,96.1652,93.75,55.324,60.8224
122500,97.7082,94.2014,56.7978,59.7211
123000,98.0265,95.1731,56.4785,58.1051
123500,98.2043,95.9236,56.1798,57.0901
124000,98.6236,96.464,56.1798,56.6596
124500,99.1664,96.5385,56.1798,56.4174
125000,100.063,96.3871,56.6043,56.5238
125500,102.237,96.6228,57.1404,56.6175
126000,104.256,96.7842,58.0425,56.7247
126500,104.368,97.0984,59.1785,56.8064
127000,103.428,97.6572,58.7514,56.0726
127500,102.716,98.1613,57.6154,55.3506
128000,103.304,98.5475,57.0005,55.525
128500,103.373,98.6378,56.5701,55.7308
129000,100.826,98.3153,56.8412,55.8345
129500,98.563,98.3359,57.8286,55.9385
130000,98.2895,98.8885,57.6816,56.3239
130500,98.1599,99.0789,55.9713,56.9648
131000,97.0303,99.0331,54.7967,56.9597
131500,95.5209,99.5263,54.1099,56.3188
132000,94.4763,100,53.5714,55.9701
132500,94.4791,99.1373,55.2613,55.9701
133000,95.7819,99.2432,56.9927,55.9878
133500,97.3151,100.944,56.6617,56.0926
134000,97.3915,101.362,56.2345,56.1866
134500,97.7791,99.8657,56.1026,56.3986
135000,99.0609,98.6842,55.9978,56.6038
135500,99.2175,98.9665,56.7467,57.5112
136000,98.9404,98.4525,58.0585,58.5062
136500,99.0606,97.4782,59.0418,58.2043
137000,98.7248,97.6698,59.8654,57.7536
137500,96.3218,98.0392,59.661,57.6057
138000,93.4816,97.1267,58.6103,57.4951
138500,91.8813,97.3302,58.0304,57.3192
139000,90.8463,98.892,57.8068,57.1007
139500,92.4127,99.1404,58.1631,57.6324
140000,94.2124,98.5695,59.3169,58.6429
140500,92.4513,99.098,59.1779,59.8751
141000,92.4513,100.295,57.163,61.3392
141500,92.4513,100.4,55.6535,61.2161
142000,92.4513,100.105,54.4542,59.9862
142500,89.9078,100,53.613,58.5072
143000,93.5217,99.9421,55.3444,56.8352
143500,97.4854,99.2842,57.0342,56.0325
144000,99.4921,98.9692,56.354,55.7203
144500,99.4464,99.2959,55.6147,55.6202
145000,98.7744,99.0417,55.634,55.8275
145500,96.5739,98.3924,55.7373,56.2489
146000,96.1598,98.0418,56.9777,57.9081
146500,97.6346,98.3643,58.9772,59.3226
147000,97.9628,98.1767,59.761,59.5588
147500,97.8419,97.8947,59.761,59.761
148000,97.2094,98.4023,59.4835,59.761
148500,96.7742,98.6429,59.0148,59.8387
149000,98.1161,98.3204,59.5554,60.446
149500,100.156,98.6262,60.8814,60.8976
150000,100.95,99.5059,60.6109,60.4098
150500,100.946,99.4131,59.1701,59.7977
151000,101.098,98.7099,58.2234,58.5333
151500,101.351,98.8651,57.5525,57.4478
152000,101.351,99.3377,57.8785,57.1212
152500,100.185,99.058,59.2525,56.8182
153000,98.3766,98.9404,59.129,56.7153
153500,97.4133,99.0789,57.2189,56.6081
154000,96.6234,98.8698,56.2819,57.061
154500,95.8476,98.6842,56.6011,57.6052
155000,94.875,99.011,57.2249,57.777
155500,93.8442,99.0789,59.1802,57.8883
156000,93.3238,98.9404,60.4024,57.464
156500,93.1677,99.0789,58.9955,56.8083
157000,92.9124,98.9404,58.0438,57.0399
157500,92.795,99.0606,58.8481,57.8078
158000,92.963,99.0293,59.7759,58.0268
158500,92.7997,98.7025,61.5266,57.8032
159000,93.4731,98.5191,62.8091,57.7871
159500,94.3396,98.1966,61.9088,58.0107
160000,94.6184,98.0808,61.4031,58.0192
160500,95.283,98.73,62.0408,57.6851
161000,95.9113,97.1986,62.7885,57.2956
161500,95.8599,94.6995,63.5897,56.6499
162000,95.9876,94.3396,63.0432,56.1655
162500,96.5917,94.2072,60.8724,56.0607
163000,96.5684,94.2072,59.3718,55.9701
163500,95.6497,94.2072,58.5611,56.1789
164000,95.5209,94.2072,58.3785,56.3893
164500,95.9115,94.2072,58.953,56.6689
165000,95.2212,94.2072,58.8467,56.9905
165500,94.2373,88.9888,57.7195,57.6268
166000,93.75,90.3422,57.0972,58.4066
166500,93.2315,90.9091,57.3157,58.758
167000,92.4824,91.1685,57.797,58.9887
167500,92.8411,92.3431,59.4258,58.9764
168000,95.1926,93.904,60.4136,58.8606
168500,95.1926,94.7699,59.0068,60.5128
169000,95.1926,95.2657,57.8981,63.1523
169500,95.1926,96.5805,57.7868,63.1523
170000,95.1926,98.0255,57.7668,63.1523
170500,95.1926,98.9472,58.8011,63.1523
171000,95.1926,100.067,59.6668,63.1523
171500,95.1926,100.677,58.1954,63.1523
172000,95.1926,101.361,56.8182,63.1523
172500,95.1926,101.754,56.0227,63.1523
173000,95.1926,101.633,55.1872,76.9231
173500,104.299,102.084,56.0489,73.0549
174000,102.933,102.555,57.211,68.1765
174500,102.698,102.788,56.8123,64.3208
175000,101.647,103.142,55.8544,61.4754
175500,98.3221,102.761,55.4477,61.4754
176000,96.6484,101.782,55.2435,61.9378
176500,97.8146,101.633,55.6737,63.2514
177000,98.797,101.757,57.17,63.9722
177500,98.6411,101.544,58.3389,63.7006
178000,96.5556,101.376,59.031,63.3232
178500,93.9147,101.721,59.4918,62.9243
179000,92.4174,101.732,59.3742,63.1247
179500,92.0825,101.387,59.3768,63.6589
180000,93.2812,101.351,59.7325,64.9645
180500,92.3664,101.351,60.2143,66.383
181000,90.1977,101.297,61.0785,65.8009
181500,89.9113,100.957,61.1829,64.8101
182000,89.8204,101,59.3885,63.9882
182500,90.3604,101.074,58.2216,63.4657
183000,90.7207,100.35,58.5636,64.1478
183500,89.6519,99.6098,58.7104,64.436
184000,87.2386,99.2802,58.1448,63.8881
184500,85.2571,98.9535,57.5035,62.8347
185000,85.9714,99.6379,55.9301,61.4194
185500,88.2143,100.631,54.5455,60.7949
186000,89.2857,100.478,55.2008,60.9183
186500,87.7857,100.268,55.9132,60.2992
187000,86.6695,100.524,56.8119,59.1082
187500,87.9053,101.074,57.8966,58.8356
188000,88.7574,101.351,57.9016,59.3006
188500,89.7532,101.351,57.5675,60.0156
189000,90.8726,101.569,57.8215,60.9914
189500,90.3864,101.569,58.3827,61.2017
190000,87.0231,101.569,59.9466,60.706
190500,83.496,100.623,62.2953,60.0781
191000,82.9967,99.6296,62.7598,59.3637
191500,85.7531,99.6296,61.9784,58.6899
192000,87.3753,104.167,61.3605,58.0085
192500,86.2487,103.917,60.8607,57.493
193000,85.8621,103.75,61.6014,57.0559
193500,85.9744,104.14,62.7496,56.9685
194000,87.5862,104.671,61.5266,57.4056
194500,89.394,104.826,59.7759,58.2587
195000,89.2899,104.102,59.7759,60.4043
195500,89.5466,103.448,59.7759,62.1979
196000,90.5282,103.448,59.7759,62.8518
196500,91.0023,103.23,59.7759,62.3261
197000,91.6818,102.876,59.7759,60.0923
197500,92.9149,102.839,59.7759,59.1013
198000,94.4236,103.151,68.1561,59.8101
198500,95.0212,103.051,65.9924,59.5564
199000,94.5112,103.077,63.8354,57.845
199500,93.6224,103.716,64.0985,56.6364
200000,93.4402,104.092,64.7563,56.0051
200500,92.7995,104.167,65.6233,55.4657
201000,91.125,104.167,65.6696,54.7637
201500,89.8247,104.167,63.4755,54.1516
202000,91.2112,104.178,61.79,54.3312
202500,93.5647,104.543,61.286,54.5281
203000,94.4258,104.572,61.0796,54.7596
203500,95.0425,104.207,61.3295,55.0604
204000,94.4881,104.167,61.0777,55.2565
204500,93.75,104.167,60.2204,55.4608
205000,93.9316,103.967,59.9816,55.7126
205500,94.5385,103.293,60.4655,56.1303
206000,95.4434,103.134,61.8744,56.0891
206500,94.8365,103.448,64.2611,54.8721
207000,93.2778,103.168,65.0487,53.9545
207500,92.4055,103.034,64.3489,53.8578
208000,91.5635,102.989,63.6846,53.7634
208500,90.471,102.418,63.1459,53.3886
209000,90.5367,102.08,64.2304,52.9153
209500,91.5154,102.429,65.509,52.9635
210000,91.35,102.084,63.5289,53.2455
210500,89.3208,101.918,61.3481,53.6487
211000,88.1802,102.573,60.0222,54.6336
211500,89.1291,102.74,58.8565,55.2984
212000,90.2812,102.74,59.4447,54.797
212500,92.0564,102.74,59.9933,54.3478
213000,92.9032,102.74,59.8738,54.086
213500,91.9195,102.74,59.7842,53.7938
214000,90.166,102.74,60.2681,53.8276
214500,87.6693,102.536,60.7832,53.9243
215000,88.0848,101.501,61.5391,53.9997
215500,90.641,99.6778,62.6242,54.0971
216000,91.9066,98.6842,65.2877,54.218
216500,93.1219,98.3695,68.0929,54.5145
217000,93.1759,96.6559,69.5204,54.7413
217500,92.2043,94.9417,71.9423,54.6418
218000,91.1155,94.7815,74.219,54.5455
218500,89.5742,94.9367,74.8015,54.3006
219000,88.2217,92.2468,74.5426,54.0063
219500,88.9623,90.7785,74.3579,54.3187
220000,91.1344,92.6852,72.3716,54.9138
220500,92.6341,92.9815,69.6291,55.2353
221000,93.4775,92.5926,69.6291,55.4395
221500,93.9811,92.8042,69.6291,55.6981
222000,94.7404,93.3543,69.6291,56.2222
222500,95.96,94.0162,69.6291,56.6365
223000,97.4116,94.3396,69.6291,56.8517
223500,99.7615,94.3396,69.6291,57.0188
224000,101.351,94.3396,69.6291,56.6972
224500,101.123,94.4471,57.9088,56.391
225000,99.9982,94.7456,57.3433,56.391
225500,97.8726,94.9367,56.6877,56.391
226000,95.4913,94.9367,57.2663,57.3543
226500,92.6655,94.9367,58.1473,58.5705
227000,90.5932,95.216,59.4479,60.3042
227500,89.6715,96.1549,61.0027,62.2732
228000,88.4337,97.1085,60.6619,65.1688
228500,89.2376,97.6674,59.5685,67.8781
229000,91.185,98.1818,58.6343,66.5576
229500,91.5465,98.5578,57.7257,64.9351
230000,90.9202,98.8,58.2703,64.9351
230500,90.3614,99.4579,59.5347,63.8283
231000,90.3614,99.3579,59.0628,61.0051
231500,90.4556,99.2,57.5799,58.6397
232000,90.7428,99.8421,56.7533,56.8764
232500,91.4802,100,56.2213,56.4064
233000,92.229,100,56.4739,59.3896
233500,92.5131,100,57.7857,62.7778
234000,92.5926,100,58.118,66.6358
234500,92.5926,100,56.7022,69.2712
235000,92.8318,100.188,55.6139,68.9526
235500,93.9316,100.523,54.8087,67.3714
236000,95.473,100.612,54.1516,65.5764
236500,95.7212,100.277,55.7583,64.8143
237000,95.7212,100,57.4182,64.3043
237500,95.7212,100.26,57.279,63.3487
238000,95.7212,100.4,57.0604,61.9624
238500,95.7212,100.268,56.6214,58.9079
239000,95.7212,100.53,56.0893,56.4329
239500,95.7212,101.074,56.0364,57.3072
240000,95.7212,101.009,56.1412,58.1395
240500,95.7212,100.949,56.7784,57.4894
241000,78.5878,100.862,57.9854,56.8288
241500,80.6419,100.541,57.7764,57.0073
242000,82.7255,100.968,55.9521,57.2241
242500,84.3797,101.308,54.9986,57.0836
243000,84.4015,100.632,55.2013,56.8668
243500,83.8636,100.29,55.5173,56.4676
244000,84.614,100.854,57.2537,55.9395
244500,82.012,101.074,58.7614,56.7858
245000,79.5961,100.946,57.6515,58.7852
245500,80.9197,101.151,56.6038,59.5247
246000,82.6967,101.735,56.5042,59.056
246500,83.5211,101.718,56.3978,58.7173
247000,83.0931,101.633,57.5616,58.4884
247500,83.1381,101.955,59.0104,58.6504
248000,82.847,101.767,57.9877,59.348
248500,82.1639,101.224,56.3285,59.4819
249000,81.9672,101.498,55.6421,58.7843
249500,82.8698,102.041,55.1296,58.6057
250000,84.281,101.746,55.6222,59.3033
250500,85.252,101.633,57.1072,59.8416
251000,87.4286,101.928,57.5017,60.0816
251500,89.379,101.931,56.4252,59.7268
252000,89.6429,101.633,55.508,58.2323
252500,89.4782,101.743,54.4126,57.0416
253000,88.5526,101.71,53.5714,56.1934
253500,87.3399,101.365,54.2527,55.5738
254000,86.5774,101.555,54.9396,55.7811
254500,86.4999,101.476,56.2356,55.9701
255000,86.9048,100.454,57.8329,57.4263
255500,87.9264,99.2,57.4891,58.9687
256000,89.9372,99.3421,56.6148,59.1616
256500,92.1468,98.7097,56.8604,59.2783
257000,92.7059,97.451,57.6224,58.0965
257500,91.0494,97.1394,58.4822,56.7541
258000,88.8935,95.6458,59.5246,56.8527
258500,88.609,95.6348,59.2525,57.1767
259000,87.8714,95.0514,57.8785,56.3425
259500,86.2799,93.2661,57.0591,54.9893
260000,86.402,92.9896,56.6286,55.2881
260500,86.4541,91.2979,56.5287,56.8615
261000,86.8316,91.8811,56.9592,57.736
261500,88.0487,93.2204,56.9711,57.8473
262000,89.2307,92.6499,55.7174,57.6039
262500,88.3874,94.1279,54.7709,56.6314
263000,86.6963,94.8972,55.5941,56.0259
263500,86.5061,94.1038,56.391,56.3427
264000,87.6658,93.508,57.3866,56.5744
264500,88.9666,92.9348,58.488,56.0503
265000,89.4717,92.9446,58.2079,55.5556
265500,90,92.6327,57.7572,56.3155
266000,89.759,92.4224,58.1312,57.1637
266500,88.8782,92.9574,58.6968,56.9927
267000,88.2456,93.1045,59.7994,56.6686
267500,87.8337,91.9752,61.1254,56.3176
268000,86.9268,92.1715,60.1677,55.8968
268500,85.7276,93.6149,58.4998,55.9281
269000,84.9399,93.5849,57.5101,56.2426
269500,84.4506,93.8568,56.6358,56.1422
270000,84.8591,93.8099,56.8421,55.5202
270500,85.6838,93.0468,57.6041,54.9921
271000,86.0937,92.5223,57.4094,54.3003
271500,87.5128,91.8451,56.4369,53.7634
272000,89.1146,91.184,55.6283,54.1513
272500,90.1118,91.2928,54.719,54.5423
273000,91.6609,91.8505,54.1831,54.4672
273500,92.2972,92.1171,54.38,54.3684
274000,91.818,93.2747,54.5455,54.3478
274500,91.3039,93.6338,54.9319,54.3478
275000,90.7051,93.2075,55.3345,54.4601
275500,90.6616,93.985,55.7626,54.7587
276000,90.6966,94.7098,56.2828,55.2088
276500,89.9465,92.704,56.2513,56.5824
277000,88.7994,91.3256,56.0408,57.8623
277500,87.9546,92.6738,56.6523,59.3806
278000,88.2832,93.1265,57.9641,60.3355
278500,89.0664,92.555,57.9746,57.4436
279000,89.2773,92.2427,56.6628,54.9451
279500,89.0131,92.5267,55.64,54.5674
280000,87.8902,92.4932,54.6333,54.1707
280500,86.615,91.9286,54.0724,53.7291
281000,86.2069,91.4634,55.1839,53.1551
281500,86.8845,91.7751,56.1798,53.1376
282000,87.7769,92.4133,55.0103,53.4215
282500,88.0702,92.9538,53.8021,53.5056
283000,87.934,93.1677,53.4151,53.2216
283500,87.1143,93.7692,52.9418,53.0035
284000,86.8784,94.6537,52.9477,53.4649
284500,88.0322,94.9367,53.2297,53.9416
285000,89.3186,94.9367,53.6157,54.3996
285500,89.2497,95.4771,54.703,54.9947
286000,88.2725,96.4853,55.4947,54.6454
286500,87.5376,97.3077,54.4073,53.7623
287000,86.2341,97.9101,53.3808,53.5671
287500,86.1094,98.4211,53.3043,54.1495
288000,87.4868,98.372,53.2097,54.5574
288500,87.6115,98.5326,54.0745,54.6569
289000,87.6402,98.9964,55.6743,54.7445
289500,88.0294,98.8358,56.0844,56.1123
290000,87.7412,98.7182,55.3615,57.5862
290500,86.6045,99.045,54.8734,57.7868
291000,86.7976,99.6344,54.5748,57.8981
291500,88.4143,99.7351,54.3738,58.448
292000,89.1041,99.6,55.1849,59.1347
292500,88.49,99.9271,55.9701,60.3985
293000,87.3907,100.4,54.8205,61.8746
293500,86.9502,100.303,53.5258,60.6442
294000,87.0238,100.301,53.2601,58.7068
294500,86.7642,100.636,53.0714,57.5263
295000,85.5504,100.671,53.2563,56.4333
295500,84.0837,100.78,53.9284,58.427
296000,83.8277,101.12,54.2507,58.427
296500,85.1986,101.351,53.6725,58.427
297000,86.8666,101.351,53.1915,58.427
297500,88.1815,101.616,53.6293,58.427
298000,88.5214,101.961,54.1094,63.4306
298500,88.2604,101.897,55.4613,59.3333
299000,88.2833,101.633,57.343,55.5556
299500,88.5444,101.757,57.9151,57.1234
300000,87.6964,101.677,57.9151,58.8731
300500,86.0997,101.957,58.2297,59.8848
301000,85.1549,102.651,58.7997,60.845
301500,84.7458,102.552,59.5544,59.017
302000,84.601,102.329,60.5147,56.8311
302500,84.4511,102.516,59.769,57.6455
303000,84.8366,102.74,57.5831,58.9878
303500,84.4924,102.74,55.9076,60.3985
304000,83.5455,102.146,54.2961,61.8746
304500,83.3333,101.683,53.619,61.4168
305000,83.9661,102.101,54.9137,60.4169
305500,84.9048,102.114,55.8924,59.0888
306000,85.5223,100.964,53.949,57.7039
306500,86.5216,100.379,52.0833,58.8675
307000,86.5116,100.357,53.2857,60.7441
307500,85.1722,100.021,54.9193,60.6508
308000,83.7017,100,56.4026,59.919
308500,82.4889,99.8887,58.2549,58.6192
309000,82.4781,99.6,58.6306,57.1478
309500,83.5605,99.7113,57.8387,58.1984
310000,84.4982,100,58.1461,60.2772
310500,84.4787,100,59.6524,61.0622
311000,83.9374,100.177,60.5407,61.1867
311500,83.0309,100.513,60.6631,60.3409
312000,83.0251,100.671,60.2078,59.1405
312500,83.9511,100.671,59.1403,60.3783
313000,84.2697,100.671,59.6862,62.6121
313500,84.462,100.93,62.169,65.2474
314000,85.0841,101.074,62.9842,67.8217
314500,86.1177,100.815,61.9422,71.5332
315000,87.7395,100.671,61.1051,75.4708
315500,89.2835,100.671,60.4879,77.4244
316000,89.9091,100.671,61.0874,73.3045
316500,89.6472,102.905,62.4795,73.3045
317000,89.5488,102.905,62.0452,73.3045
317500,89.6429,96.4238,60.653,73.3045
318000,89.5433,99.8268,59.5734,73.3045
318500,89.9871,97.9788,58.6358,73.3045
319000,90.3614,102.074,58.6684,73.3045
319500,90.1861,100.874,59.1298,73.3045
320000,89.6683,100.874,58.1089,73.3045
320500,88.7806,100.874,56.2424,73.3045
321000,87.9897,94.7721,55.7029,56.0491
321500,88.0348,93.8649,56.015,56.783
322000,88.4809,91.706,56.9855,58.0541
322500,88.4358,91.5335,59.3834,59.5255
323000,87.788,90.5322,60.8404,59.8604
323500,87.0264,90.0974,60.4731,59.9799
324000,86.5921,89.8032,60.2866,59.3202
324500,87.6148,89.0012,60.4081,58.503
325000,89.5664,88.7574,60.7278,58.8151
325500,90.4071,89.2846,61.3501,59.3941
326000,90.2084,89.9936,61.1296,59.5238
326500,90.7208,90.3582,59.7929,59.5238
327000,91.4634,90.7273,58.9117,58.5173
327500,91.4634,91.1885,58.5671,57.1645
328000,91.2892,91.6587,58.6169,56.8865
328500,90.2003,91.9392,59.3145,56.9945
329000,88.4385,92.0245,59.0208,57.208
329500,87.8571,92.0245,56.9181,57.537
330000,88.73,92.2472,55.4396,57.2137
330500,89.5787,91.2177,54.8357,56.1453
331000,89.6172,88.7639,54.3478,55.4676
331500,89.4611,88.9619,56.2133,55.1624
332000,89.6217,89.3257,58.1092,54.9768
332500,89.2464,87.6901,57.7312,55.2821
333000,89.9466,86.6545,57.2874,55.5556
333500,91.4612,86.462,57.4334,55.4588
334000,91.6883,87.531,57.6536,55.3563
334500,92.0912,87.6069,58.7308,55.4301
335000,92.3608,83.9691,60.1266,55.5326
335500,92.6695,84.213,59.9409,55.4924
336000,94.0669,87.01,59.2266,55.3899
336500,95.8491,85.5312,58.3195,55.1702
337000,97.4067,85.7983,57.3091,54.7677
337500,98.0392,87.2093,57.7376,54.5701
338000,97.6901,87.2093,58.8647,54.6697
338500,96.7709,87.2093,59.2885,54.7672
339000,95.4989,87.2093,59.2885,55.1727
339500,93.4107,87.9091,58.702,55.5556
340000,91.8158,89.2146,57.6837,55.1922
340500,91.4155,89.8204,57.0453,54.7867
341000,91.0055,90.2907,56.6148,54.8862
341500,90.3038,90.9858,56.62,55.0875
342000,89.6129,91.7399,57.2707,55.4755
342500,88.8971,93.603,57.5153,56.0974
343000,87.8873,94.6477,56.8647,56.9705
343500,88.8736,94.557,56.4217,58.4193
344000,90.1645,94.9766,56.6353,60.6202
344500,89.6856,95.4782,56.8729,60.6202
345000,89.0598,96.2663,58.5843,60.6202
345500,88.2176,96.7742,60.2314,64.8084
346000,87.0456,96.5583,59.9914,63.0933
346500,86.386,96.5279,59.7534,61.2688
347000,87.3176,97.1964,59.5172,61.0926
347500,88.9581,98.1818,59.2943,61.5924
348000,89.2941,98.3617,60.0144,60.9572
348500,88.6277,98.543,60.7209,59.9734
349000,88.5527,99.571,60.477,59.2196
349500,89.4503,100.383,60.19,58.522
350000,90.6981,100.609,58.9157,58.2843
350500,91.6387,100.274,57.6923,58.1712
351000,92.0245,100.33,58.0156,57.9928
351500,90.7537,100.935,58.3523,57.7692
352000,89.5404,101.49,58.9964,57.8863
352500,89.7092,101.465,59.694,58.223
353000,89.8204,100.657,58.6369,59.0443
353500,90.0671,100.413,57.3824,60.3492
354000,89.7168,100.671,57.0784,60.5749
354500,88.4504,100.96,56.8616,59.849
355000,86.9939,101.3,57.8305,58.8566
355500,86.8361,101.351,59.3019,57.6118
356000,87.8331,101.351,59.6803,57.0812
356500,88.5088,101.313,59.5618,57.1901
357000,89.0511,100.973,59.3682,57.8775
357500,89.491,101.623,59.1339,59.7393
358000,89.7583,102.657,59.5066,60.8851
358500,89.8992,102.947,60.221,60.6393
359000,90.7208,102.856,60.1728,60.6261
359500,91.9061,102.207,59.6928,60.9964
360000,92.4706,102.68,59.0864,61.8346
360500,92.3784,103.836,58.3942,63.2737
361000,91.2628,103.833,58.4659,63.8052
361500,91.0799,103.202,59.0404,63.2665
362000,91.5991,102.822,60.0216,62.2018
362500,91.1545,102.893,61.369,60.9311
363000,90.9091,103.345,60.953,61.0671
363500,89.9193,103.949,59.2581,61.9455
364000,88.8435,104.575,58.4037,63.0271
364500,89.0496,104.189,58.0644,64.0956
365000,90.4027,103.759,58.9078,64.1388
365500,90.0043,103.862,60.942,63.8649
366000,87.7045,103.569,61.1113,64.518
366500,86.3245,103.572,59.5314,65.2773
367000,85.9961,104.001,58.8235,65.7138
367500,87.1659,104.601,58.8235,65.1804
368000,88.4411,104.895,59.63,62.5051
368500,88.7701,104.566,61.3385,60.5545
369000,89.0342,103.932,62.1013,60.0706
369500,89.2857,103.537,61.8452,59.3969
370000,89.1906,103.448,61.2099,58.3625
370500,88.9307,103.163,60.3457,57.1843
371000,89.2931,102.145,60.6722,55.3165
371500,89.8204,101.726,61.7925,54.0153
372000,89.5541,101.726,61.4075,55.2323
372500,88.7615,101.887,60.1676,56.391
373000,88.4901,102.551,59.0008,57.1953
373500,89.0828,102.74,57.8559,58.0696
374000,89.7773,102.74,58.4094,57.9481
374500,90.5215,102.74,60.0382,57.7245
375000,90.1234,102.74,60.6553,57.8658
375500,89.6473,102.429,60.5328,58.0894
376000,90.1592,102.329,59.8315,58.5486
376500,90.3614,102.639,58.7724,59.1231
377000,89.5851,102.74,58.9588,59.2082
377500,88.7831,102.595,60.0179,59.0915
378000,88.6885,101.901,60.4839,59.5237
378500,88.4274,101.351,60.4839,60.2381
379000,89.1963,101.066,59.9244,61.6081
379500,90.1036,100.726,58.9793,63.2811
380000,89.8075,100.826,59.2416,62.4086
380500,89.1613,100.892,60.4325,60.6142
381000,88.07,100.071,60.834,58.4494
381500,87.9644,99.3377,60.5881,56.21
382000,89.2791,99.3377,59.9244,57.7778
382500,90.4605,99.3377,58.9793,60.8885
383000,90.9091,99.3377,58.9763,60.8885
383500,90.7623,99.3377,59.6794,60.8885
384000,90.5455,99.3222,60.1982,60.8885
384500,90.6922,98.6729,60.5626,60.8885
385000,91.4044,98.0392,60.1224,60.8885
385500,91.7982,97.1457,59.0549,65.2575
386000,91.1411,95.5944,58.5345,60.3814
386500,89.4103,94.8943,58.4205,57.3487
387000,88.4734,94.0097,58.3658,54.897
387500,88.7344,92.9492,58.3658,54.5381
388000,88.8679,92.795,58.1385,55.3434
388500,89.3994,92.8148,57.5816,55.9707
389000,89.5873,91.8396,57.6063,56.6068
389500,89.0426,90.9091,58.7423,57.735
390000,88.5714,90.9091,59.6659,60.8635
390500,88.8487,90.969,60.1459,62.9114
391000,89.2857,91.2461,61.0484,61.7536
391500,89.414,90.9653,62.8577,60.3846
392000,89.6048,90.4143,63.5802,58.743
392500,89.2123,90.4294,62.3932,57.8507
393000,89.3926,90.7032,60.8384,58.4163
393500,90.3217,89.9107,59.0439,58.9076
394000,90.8835,88.6845,58.6459,59.2577
394500,91.8721,88.4024,59.8181,59.4196
395000,92.5926,88.5527,60.4295,58.9546
395500,91.8275,88.5318,60.308,59.0071
396000,90.3836,88.2708,59.5595,61.3558
396500,89.4953,88.0892,58.0649,63.0369
397000,89.0554,87.0751,57.5348,62.1291
397500,88.9286,87.3645,58.3206,60.7471
398000,89.1589,88.4804,59.4118,58.5265
398500,89.2857,87.8321,61.25,56.986
399000,89.961,87.4725,62.0968,56.7708
399500,91.3509,86.8919,61.0887,56.9655
400000,92.5522,85.7083,60.3335,60.4432
400500,92.8157,85.5331,59.972,63.6477
401000,92.8594,87.2429,60.3197,64.0569
401500,92.7812,89.1654,61.6892,63.8227
402000,92.6192,89.6899,61.89,62.2461
402500,93.5335,89.8204,60.64,60.0333
403000,93.7162,90.0476,59.7694,56.9946
403500,93.1677,90.6003,59.297,55.1252
404000,93.3098,91.1391,60.8584,55.0242
404500,93.3055,91.1308,60.8584,54.9483
405000,92.0341,91.153,60.8584,55.0493
405500,91.4044,91.9142,60.8584,55.1471
406000,92.6381,92.7996,60.8584,55.7705
406500,94.3359,93.1677,60.8584,56.4989
407000,96.3489,93.4565,67.076,56.7622
407500,97.4026,94.8243,65.9269,56.9774
408000,96.8731,96.1923,66.218,56.831
408500,95.8836,96.3871,65.9885,56.5093
409000,95.2817,96.5335,65.4113,56.3378
409500,95.3406,97.3966,63.991,56.2322
410000,95.5414,98.2742,62.5026,56.1029
410500,95.2923,98.6068,64.6271,55.8941
411000,94.3336,98.6842,67.6483,55.7398
411500,92.8138,98.7208,70.9062,55.6365
412000,91.1825,99.0476,74.1669,55.5108
412500,90.8772,99.3377,75.4733,54.7114
413000,91.7805,99.3377,74.1486,53.9568
413500,92.1951,99.4993,71.386,54.5366
414000,91.8212,99.9271,68.7906,55.2335
414500,90.0888,100.465,66.447,55.4186
415000,88.7574,101.044,65.2925,55.5211
415500,88.9232,101.351,64.573,55.7661
416000,89.4547,101.104,64.4343,56.1838
416500,88.5462,100.764,62.8719,56.5119
417000,87.0894,100.788,60.8036,56.8335
417500,87.0277,101.128,59.2217,57.2463
418000,87.9529,101.351,57.8369,58.0261
418500,88.9856,101.688,57.5429,59.1499
419000,89.3888,102.312,57.6534,61.6327
419500,89.6429,102.894,58.7667,63.5143
420000,89.5038,103.318,60.6583,63.3802
420500,89.0638,103.338,60.6586,62.9473
421000,88.9286,103.034,59.3327,62.166
421500,89.2279,103.145,58.6917,61.4198
422000,89.901,103.448,58.4628,60.7975
422500,89.494,103.744,57.9634,59.6565
423000,88.197,103.862,57.1896,58.0405
423500,87.5088,103.566,56.9067,57.0728
424000,87.4847,103.575,57.1235,56.6424
424500,88.4673,103.934,56.8608,56.5465
425000,89.5178,104.132,55.6071,57.0867
425500,89.7783,103.419,54.6857,57.406
426000,88.7278,103.688,54.1951,57.0794
426500,87.5479,104.498,53.7634,56.8469
427000,87.7595,104.053,54.9301,57.1735
427500,89.2519,103.904,56.2438,57.4713
428000,90.6265,104.478,56.3107,57.3616
428500,90.3744,104.797,56.2051,57.2519
429000,89.4911,104.073,56.1144,56.8628
429500,88.9413,103.799,56.0096,56.4323
430000,89.2634,104.458,56.823,56.309
430500,89.9615,104.583,58.5999,56.2034
431000,90.0266,104.283,59.3613,55.8493
431500,89.3284,104.032,59.0112,55.3329
432000,88.2716,103.908,58.3078,55.1943
432500,87.6077,104.718,57.0916,55.296
433000,87.5701,104.842,56.2673,55.3506
433500,88.7655,104.505,55.8496,55.3506
434000,90.7637,104.583,55.6414,55.3375
434500,91.8658,103.794,56.2727,55.2358
435000,92.2385,103.167,56.8741,55.1471
435500,93.1012,103.044,59.2027,54.9555
436000,95.2137,102.621,61.4574,54.7542
436500,97.6589,102.835,61.2075,55.1312
437000,98.8192,103.105,60.631,55.64
437500,99.0411,103.034,60.631,57.7316
438000,99.577,102.927,60.631,57.7316
438500,100.37,102.294,60.631,57.7316
439000,101.296,101.844,60.631,57.7316
439500,101.23,101.191,60.631,57.7316
440000,100.632,101.044,60.631,57.7316
440500,101.282,101.041,53.2401,57.7316
441000,102.162,100.946,53.9123,57.7316
441500,101.918,101.256,54.6208,57.7316
442000,102.4,101.232,56.5167,73.243
442500,102.282,100.733,58.0953,67.4057
443000,100.893,99.5187,57.5427,61.6914
443500,100.826,98.3798,57.0342,60
444000,101.166,98.0573,57.2475,60
444500,101.292,97.7255,57.466,60.9721
445000,100.616,97.093,57.8684,62.3528
445500,99.706,96.7643,58.3157,62
446000,98.7169,96.1479,58.4606,
446500,98.294,95.7741,58.5746,
447000,99.04,95.465,57.8137,
447500,98.7765,94.4742,56.8187,
448000,98.0392,94.481,55.8548,
448500,98.2972,94.0805,54.7268,
449000,97.5254,94.2113,54.8137,
449500,95.3411,95.5438,55.8352,
450000,93.3965,95.7692,56.4259,
450500,92.887,95.9015,56.5323,
451000,94.4949,93.4662,56.3285,
451500,95.2611,90.57,55.005,
452000,93.6464,89.5977,53.9568,
452500,92.5926,86.7899,54.6425,
453000,91.0979,84.9518,55.3394,
453500,90.2113,84.8726,55.775,
454000,90.8709,84.1969,56.2953,
454500,89.3208,84.038,56.6871,
455000,87.7193,84.2697,57.1176,
455500,87.7193,84.3097,56.7498,
456000,87.7193,84.5477,55.9016,
456500,87.7193,84.9268,55.2947,
457000,87.7193,85.1676,54.6908,
457500,87.7193,85.2273,54.5062,
458000,81.3612,86.1549,55.2134,
458500,83.0021,87.2887,55.7327,
459000,85.316,87.7575,55.3242,
459500,88.7399,88.6529,54.9451,
460000,91.2032,89.5124,54.856,
460500,92.125,90.2003,54.7558,
461000,93.2808,91.0625,55.244,
461500,95.3589,91.4634,55.9616,
462000,97.5611,91.4634,56.7285,
462500,99.749,91.625,57.7084,
463000,101.791,91.8293,57.8118,
463500,102.422,91.6677,57.1512,
464000,102.893,91.1973,56.8182,
464500,103.057,91.0976,56.8182,
465000,102.09,91.3636,56.8772,
465500,100.888,91.4214,57.094,
466000,100.353,88.7931,56.9619,
466500,100.163,86.2069,55.3144,
467000,99.3671,86.564,53.9568,
467500,99.058,88.1034,54.1429,
468000,99.9618,86.8496,54.3384,
468500,100.132,85.7273,54.9513,
469000,99.6859,88.6554,55.7625,
469500,99.6253,88.2382,55.2505,
470000,99.2,87.5511,54.0512,
470500,99.4211,89.3578,53.4692,
471000,100.309,89.8398,53.1853,
471500,100.644,90.1104,53.0871,
472000,100.491,90.3614,53.9576,
472500,100.156,90.3614,54.7445,
473000,100,91.0664,55.977,
473500,100,91.0664,57.3404,
474000,100.314,91.0664,56.523,
474500,100.903,91.0664,55.3609,
475000,100.886,94.1248,55.2778,
475500,100.79,94.1248,,
476000,102,94.1248,,
476500,103.605,95.1641,,
477000,104.545,95.6183,,
477500,104.247,95.9995,,
478000,103.788,96.1538,,
478500,104.941,97.419,,
479000,106.524,98.4314,,
479500,106.756,98.2895,,
480000,105.278,98.7686,,
480500,102.758,99.5684,,
481000,100.665,100,,
481500,98.9403,100,,
482000,98.0158,100,,
482500,98.0662,99.8199,,
483000,97.1842,99.4887,,
483500,95.0685,99.2959,,
484000,93.2593,98.9692,,
484500,93.6635,98.6842,,
485000,95.7407,98.9116,,
485500,97.8911,98.9116,,
486000,99.7651,98.9116,,
486500,100.976,93.7521,,
487000,101.316,92.3333,,
487500,101.905,92.3333,,
488000,102.823,92.3333,,
488500,102.894,92.3333,,
489000,102.32,102.162,,
489500,102.041,101.918,,
490000,102.638,102.162,,
490500,103.341,102.74,,
491000,103.638,102.449,,
491500,103.862,102.1,,
492000,103.672,102.209,,
492500,103.448,102.449,,
493000,103.448,102.377,,
493500,103.448,102.84,,
494000,103.188,103.799,,
494500,102.833,103.282,,
495000,102.6,102.684,,
495500,102.408,103.376,,
496000,102.925,103.862,,
496500,103.83,103.75,,
497000,103.516,103.871,,
497500,102.803,104.167,,
498000,102.538,103.853,,
498500,102.329,103.75,,
499000,102.612,104.063,,
499500,103.228,104.02,,
500000,104.224,103.75,,
500500,105.585,103.897,,
501000,105.443,104.167,,
501500,104.624,104.167,,
502000,104.767,104.167,,
502500,104.507,104.167,,
503000,103.362,103.991,,
503500,102.312,103.75,,
504000,101.345,103.925,,
504500,100.951,104.167,,
505000,101.291,104.167,,
505500,101.196,104.167,,
506000,101.037,104.167,,
506500,101.506,103.963,,
507000,101.666,103.459,,
507500,101.979,103.034,,
508000,102.416,103.151,,
508500,102.133,103.066,,
509000,101.778,102.74,,
509500,101.292,102.74,,
510000,101.887,102.74,,
510500,102.029,102.74,,
511000,101.066,102.911,,
511500,99.0635,103.624,,
512000,96.2087,104.167,,
512500,94.7408,103.83,,
513000,94.674,103.75,,
513500,94.9367,103.641,,
514000,95.1157,103.17,,
514500,94.8272,103.151,,
515000,93.2012,102.989,,
515500,92.3177,102.74,,
516000,93.0185,101.747,,
516500,94.0057,99.7019,,
517000,94.9937,98.3445,,
517500,95.1786,97.7376,,
518000,93.8397,96.7728,,
518500,93.038,95.8256,,
519000,93.9744,95.7913,,
519500,95.3165,95.9236,,
520000,95.4771,95.3942,,
520500,94.9367,94.3757,,
521000,93.7606,94.0542,,
521500,91.82,94.7963,,
522000,91.2594,95.2448,,
522500,90.6813,95.1592,,
523000,89.6951,95.3116,,
523500,88.9027,95.2439,,
524000,87.0143,94.9415,,
524500,87.7404,95.0746,,
525000,90.064,95.3769,,
525500,90.3614,95.5414,,
526000,90.3614,95.5414,,
526500,90.1212,94.527,,
527000,90.459,92.9413,,
527500,91.3925,92.2222,,
528000,91.3285,92.3336,,
528500,90.655,92.3676,,
529000,88.2727,89.6296,,
529500,88.2727,89.6296,,
530000,88.2727,86.2651,,
530500,88.2727,87.597,,
531000,85.4585,84.3232,,
531500,86.5278,86.0246,,
532000,86.0372,84.7059,,
532500,85.1788,81.9415,,
533000,84.9255,84.7059,,
533500,85.5348,84.1135,,
534000,87.8245,83.2941,,
534500,90.3808,86.2782,,
535000,91.7086,85.6444,,
535500,92.6327,85.6236,,
536000,92.7242,87.9036,,
536500,92.2866,88.0473,,
537000,92.4426,88.2467,,
537500,92.5926,88.7574,,
538000,91.8519,88.9232,,
538500,90.7053,89.4547,,
539000,90,90.0844,,
539500,89.4932,89.8352,,
540000,88.3721,89.4402,,
540500,85.6797,90.5109,,
541000,82.3256,90.655,,
541500,83.9797,90.1863,,
542000,83.9797,90.6277,,
542500,83.9797,90.5455,,
543000,83.9797,90.9124,,
543500,83.9797,91.8519,,
544000,83.9797,91.9791,,
544500,83.9797,91.075,,
545000,83.9797,90.9477,,
545500,83.9797,92.3232,,
546000,83.9797,93.4665,,
546500,100.401,93.922,,
547000,101.351,94.8177,,
547500,101.829,96.1183,,
548000,101.639,96.3057,,
548500,99.6575,96,,
549000,97.2295,96.367,,
549500,95.828,96.402,,
550000,95.0559,95.5745,,
550500,94.7771,95.598,,
551000,95.4352,96.4875,,
551500,96.2817,96.8395,,
552000,95.5082,97.1537,,
552500,91.9956,98.028,,
553000,88.5296,98.9172,,
553500,86.8362,99.2593,,
554000,88.0425,99.5671,,
554500,90.5698,100.183,,
555000,92.2194,100.285,,
555500,94.131,100.319,,
556000,95.9584,100.914,,
556500,96.5037,101.468,,
557000,96.1935,101.895,,
557500,96.2705,102.041,,
558000,96.4968,102.041,,
558500,96.074,102.041,,
559000,93.2622,101.74,,
559500,89.2552,101.633,,
560000,86.1426,101.583,,
560500,83.3625,101.224,,
561000,81.9672,101.525,,
561500,82.065,101.646,,
562000,82.5179,101.682,,
562500,84.5381,101.757,,
563000,87.0097,101.426,,
563500,88.3409,101.351,,
564000,90.1645,101.351,,
564500,92.2957,101.368,,
565000,93.1798,101.713,,
565500,92.8689,102.041,,
566000,92.2654,102.041,,
566500,91.5516,102.407,,
567000,91.5901,102.733,,
567500,92.7045,102.207,,
568000,93.5287,102.568,,
568500,94.033,102.383,,
569000,93.9247,102.224,,
569500,92.7893,102.568,,
570000,91.1456,101.863,,
570500,89.5017,101.973,,
571000,87.8392,102.499,,
571500,86.8966,102.74,,
572000,87.5538,102.74,,
572500,89.5294,103.316,,
573000,91.4118,104.03,,
573500,92.0976,103.807,,
574000,91.8634,103.456,,
574500,92.3496,104.041,,
575000,93.8328,104.056,,
575500,95.0143,104.195,,
576000,95.9167,103.938,,
576500,96.5385,103.374,,
577000,96.464,103.763,,
577500,96.6234,103.459,,
578000,97.581,102.866,,
578500,98.3766,102.351,,
579000,98.6002,102.79,,
579500,97.6452,102.5,,
580000,95.245,102.207,,
580500,92.656,102.761,,
581000,91.2376,102.087,,
581500,91.7358,100.965,,
582000,91.045,99.8764,,
582500,88.9279,99.6636,,
583000,88.0388,100.258,,
583500,87.7193,100.599,,
584000,89.0845,100.671,,
584500,90.9784,100.465,,
585000,91.8316,99.471,,
585500,92.3745,99.0084,,
586000,94.2593,98.8261,,
586500,96.4695,96.6544,,
587000,97.8,93.6418,,
587500,99.3794,91.879,,
588000,100.443,90.4268,,
588500,101.033,89.338,,
589000,101.655,89.216,,
589500,102.245,88.9518,,
590000,102.636,88.7574,,
590500,102.611,88.4667,,
591000,102.066,87.9477,,
591500,100.824,87.7193,,
592000,99.3474,87.9319,,
592500,98.943,88.1899,,
593000,98.715,87.9565,,
593500,97.5079,85.2753,,
594000,96.0414,83.8049,,
594500,93.949,84.9208,,
595000,93.5115,84.219,,
595500,94.6835,84.1061,,
596000,94.8603,85.2529,,
596500,94.5617,85.9052,,
597000,93.4801,85.4646,,
597500,92.2181,85.3336,,
598000,92.4062,86.3133,,
598500,94.2328,86.7052,,
599000,95.2028,86.293,,
599500,94.9367,85.9039,,
600000,94.0747,86.161,,
600500,92.7832,88.652,,
601000,92.7607,89.9465,,
601500,93.4589,89.0909,,
602000,93.3333,90.0317,,
602500,92.0536,90.343,,
603000,90.3252,90.3987,,
603500,90.4617,91.1116,,
604000,91.4634,91.1382,,
604500,90.9669,91.8114,,
605000,89.7903,91.9394,,
605500,88.4148,91.4815,,
606000,85.9164,92,,
606500,83.7,91.6162,,
607000,83.778,91.8577,,
607500,85.7737,92.5166,,
608000,87.37,92.0497,,
608500,87.5375,92.5201,,
609000,88.9871,94.0097,,
609500,90.145,94.486,,
610000,89.6279,94.1772,,
610500,88.8994,94.5425,,
611000,87.3393,94.5952,,
611500,87.5077,94.8636,,
612000,89.5235,95.2782,,
612500,90.5218,95.267,,
613000,90.0455,95.5743,,
613500,88.9076,94.188,,
614000,88.2895,94.0313,,
614500,87.8844,95.812,,
615000,89.8547,96.448,,
615500,90.8834,97.3906,,
616000,89.0927,98.0392,,
616500,88.0639,98.3179,,
617000,87.7193,98.8521,,
617500,86.8272,99.5161,,
618000,85.3848,100.215,,
618500,85.0308,100.285,,
619000,86.1942,100.708,,
619500,86.6404,101.058,,
620000,84.9593,100.946,,
620500,85.712,101.24,,
621000,87.6723,101.248,,
621500,88.3041,100.985,,
622000,90.7407,101.433,,
622500,92.5926,102.041,,
623000,92.7789,101.779,,
623500,92.8607,101.633,,
624000,92.3746,101.895,,
624500,91.7283,102.041,,
625000,92.314,102.075,,
625500,93.5941,102.778,,
626000,94.0139,103.448,,
626500,93.2984,103.448,,
627000,92.3381,103.652,,
627500,92.2222,104.163,,
628000,92.7353,104.389,,
628500,93.7247,103.636,,
629000,94.3396,103.929,,
629500,95.255,104.201,,
630000,96.6332,103.765,,
630500,97.6129,103.632,,
631000,99.0918,103.333,,
631500,100.362,103.796,,
632000,101.279,104.167,,
632500,101.964,104.167,,
633000,101.674,104.167,,
633500,100.989,103.545,,
634000,100.471,103.333,,
634500,99.1552,103.757,,
635000,98.949,103.47,,
635500,98.7552,102.955,,
636000,96.9121,102.701,,
636500,95.5816,102.007,,
637000,94.0792,101.652,,
637500,92.1016,101.997,,
638000,92.0427,102.041,,
638500,93.0909,101.805,,
639000,92.0118,101.12,,
639500,90.6265,100.671,,
640000,90.3614,100.031,,
640500,90.889,99.3644,,
641000,92.3178,99.16,,
641500,93.4845,98.9404,,
642000,92.6023,99.0789,,
642500,90.4035,98.9718,,
643000,88.5053,98.6842,,
643500,87.4337,98.6842,,
644000,87.9817,98.6842,,
644500,89.0199,98.7679,,
645000,89.1995,99.0946,,
645500,87.6601,99.3377,,
646000,85.4074,99.0633,,
646500,84.599,98.7365,,
647000,85.8997,98.6842,,
647500,87.4276,98.6223,,
648000,86.6124,98.2998,,
648500,84.2472,98.0392,,
649000,84.2472,98.2792,,
649500,84.2472,98.4314,,
650000,84.2472,98.3888,,
650500,84.2472,98.8859,,
651000,78.6536,99.3377,,
651500,79.6562,99.0476,,
652000,81.1394,98.9404,,
652500,82.7807,99.2306,,
653000,84.3619,99.2541,,
653500,87.2078,98.9017,,
654000,89.237,98.0178,,
654500,89.5195,97.4026,,
655000,90.3312,97.2216,,
655500,89.8677,97.6764,,
656000,88.0063,99.5316,,
656500,87.0414,99.0769,,
657000,88.0911,96.5464,,
657500,89.521,94.262,,
658000,90.3878,93.0832,,
658500,91.3881,95.0188,,
659000,91.333,96.4293,,
659500,90.4083,94.8638,,
660000,90.6734,92.2527,,
660500,92.1826,90.4923,,
661000,93.3356,91.3228,,
661500,93.4565,92.8617,,
662000,92.3546,93.1493,,
662500,91.3362,93.7052,,
663000,91.2971,95.0967,,
663500,91.4634,95.1451,,
664000,91.4634,94.5904,,
664500,90.5948,95.0631,,
665000,88.6265,95.4132,,
665500,86.6206,95.561,,
666000,87.1432,95.8672,,
666500,88.9109,95.904,,
667000,88.7425,96.4777,,
667500,85.1013,97.7724,,
668000,81.9672,97.753,,
668500,81.9998,96.7083,,
669000,82.4527,97.8154,,
669500,84.546,100.187,,
670000,87.2961,101.29,,
670500,88.5653,102.754,,
671000,89.2421,104.801,,
671500,89.9294,104.801,,
672000,90.5234,104.801,,
672500,91.7537,100.723,,
673000,93.4242,99.7831,,
673500,93.3198,99.0834,,
674000,91.3296,99.3709,,
674500,89.2661,101.284,,
675000,89.5829,103.085,,
675500,91.4882,103.151,,
676000,92.2186,103.034,,
676500,92.0078,102.812,,
677000,89.6825,100.822,,
677500,87.5357,96.8919,,
678000,86.4565,97.9577,,
678500,83.9893,100.498,,
679000,85.2325,100.135,,
679500,87.0735,100.989,,
680000,85.1266,101.259,,
680500,85.6814,100.946,,
681000,87.9651,101.038,,
681500,88.9019,103.606,,
682000,88.8873,102.673,,
682500,87.6985,102.673,,
683000,87.201,102.673,,
683500,88.1173,98.8235,,
684000,88.9118,98.621,,
684500,89.7935,98.323,,
685000,89.6765,98.4314,,
685500,88.3208,97.7328,,
686000,86.6521,96.7413,,
686500,86.3542,96.5236,,
687000,87.3479,96.7742,,
687500,87.7306,96.5533,,
688000,86.0145,96.2432,,
688500,85.2927,95.9579,,
689000,87.2668,95.0508,,
689500,89.2897,94.6214,,
690000,88.798,94.92,,
690500,87.0666,94.5688,,
691000,87.1013,93.6843,,
691500,88.2948,93.1677,,
692000,89.7633,93.4123,,
692500,90,93.7034,,
693000,89.5801,93.9161,,
693500,89.6108,94.4907,,
694000,90.2994,93.7459,,
694500,90.999,92.7996,,
695000,91.0714,93.0872,,
695500,90.1045,93.2096,,
696000,90.0195,93.5008,,
696500,90.8312,94.2627,,
697000,91.2841,94.6769,,
697500,92.7045,94.459,,
698000,92.3523,94.3068,,
698500,90.5704,93.7208,,
699000,90.092,92.7287,,
699500,90.1796,92.2889,,
700000,91.477,92.3926,,
700500,92.3926,92.2608,,
701000,91.9964,92.2699,,
701500,91.6074,92.554,,
702000,91.1619,92.5153,,
702500,91.122,92.2313,,
703000,91.7877,92.2995,,
703500,92.3337,92.7767,,
704000,90.5921,93.6467,,
704500,87.9201,95.1925,,
705000,87.4514,95.806,,
705500,88.6984,95.5414,,
706000,91.0847,95.3527,,
706500,92.1454,95.0504,,
707000,91.5808,94.9657,,
707500,91.5105,95.2681,,
708000,91.7911,95.2874,,
708500,92.0245,95.1592,,
709000,91.8674,95.3165,,
709500,91.6564,95.0767,,
710000,91.8136,93.699,,
710500,91.7597,92.5926,,
711000,91.8359,92.5926,,
711500,92.5793,92.5926,,
712000,93.3823,92.5926,,
712500,94.0613,92.5926,,
713000,94.5737,92.9259,,
713500,95.0294,93.5046,,
714000,95.3963,93.7595,,
714500,95.5366,94.3528,,
715000,94.9357,94.9367,,
715500,95.0073,94.6472,,
716000,95.4717,94.1151,,
716500,95.067,94.1061,,
717000,95.8198,94.0637,,
717500,97.0809,94.3564,,
718000,96.7027,95.1123,,
718500,96.3891,95.2858,,
719000,97.2328,96.3373,,
719500,97.2177,97.6903,,
720000,95.8334,98.228,,
720500,93.6169,98.7326,,
721000,91.756,99.1626,,
721500,91.027,99.3536,,
722000,90.6002,99.6848,,
722500,89.7198,100.285,,
723000,88.8009,100.843,,
723500,88.3343,101.234,,
724000,87.6772,101.351,,
724500,88.5264,101.387,,
725000,90.5949,101.732,,
725500,91.6123,101.732,,
726000,91.1198,101.732,,
726500,89.3574,101.732,,
727000,88.6616,103.162,,
727500,90,103.616,,
728000,91.8114,101.588,,
728500,91.3095,103.001,,
729000,89.2076,104.537,,
729500,87.799,104.895,,
730000,87.2093,104.368,,
730500,88.281,104.056,,
731000,90.1498,104.583,,
731500,91.4458,104.793,,
732000,91.1531,104.429,,
732500,89.4103,104.167,,
733000,87.7363,104.167,,
733500,86.3639,104.167,,
734000,86.9143,103.925,,
734500,88.3293,103.566,,
735000,88.4046,103.448,,
735500,87.485,103.517,,
736000,87.1392,103.876,,
736500,87.7722,104.167,,
737000,88.2046,103.848,,
737500,89.1293,103.231,,
738000,90.2515,103.034,,
738500,90.6666,103.011,,
739000,90.4671,102.541,,
739500,90.0519,102.449,,
740000,90.2602,102.371,,
740500,90.4085,102.041,,
741000,89.6257,102.287,,
741500,88.6849,102.449,,
742000,87.6355,102.079,,
742500,87.1765,101.633,,
743000,87.7867,101.757,,
743500,88.5068,101.696,,
744000,88.4003,101.074,,
744500,87.7996,100.734,,
745000,87.3827,100.818,,
745500,88.6971,100.908,,
746000,90.6126,100.095,,
746500,91.0843,99.3377,,
747000,90.7449,99.0659,,
747500,89.5787,98.9404,,
748000,88.4528,99.3474,,
748500,88.3228,99.7351,,
749000,89.7225,99.6,,
749500,91.1685,99.6689,,
750000,91.1019,99.7351,,
750500,90.6497,99.2105,,
751000,90.7163,98.9404,,
751500,93.1697,99.0789,,
752000,93.1697,98.9561,,
752500,93.1697,98.0742,,
753000,93.1697,97.2071,,
753500,93.1697,96.8622,,
754000,98.0392,96.3414,,
754500,98.3127,94.5382,,
755000,98.4314,93.1677,,
755500,97.525,93.5568,,
756000,95.7277,93.363,,
756500,93.9248,91.5708,,
757000,93.1677,90.3614,,
757500,93.6701,90.9735,,
758000,94.4638,90.5484,,
758500,94.5474,87.9642,,
759000,94.3396,88.9403,,
759500,94.7963,91.6677,,
760000,95.3972,91.7118,,
760500,95.3193,91.2303,,
761000,94.4236,90.9091,,
761500,93.4682,91.3463,,
762000,93.375,91.12,,
762500,93.8942,89.6069,,
763000,94.6635,88.7574,,
763500,95.628,89.5923,,
764000,96.1538,89.596,,
764500,96.3524,87.6902,,
765000,96.9155,89.6041,,
765500,97.7165,90.9194,,
766000,98.4185,89.747,,
766500,98.9979,91.4431,,
767000,98.8364,90.6979,,
767500,97.0679,90.012,,
768000,94.6187,91.2597,,
768500,93.0278,91.0376,,
769000,92.8663,92.2861,,
769500,93.1539,93.75,,
770000,92.8473,93.75,,
770500,91.9952,93.9256,,
771000,91.4634,94.5287,,
771500,91.888,95.2487,,
772000,92.4526,96.0197,,
772500,92.5023,96.6361,,
773000,91.9377,96.6824,,
773500,91.7013,96.4022,,
774000,92.4512,96.8082,,
774500,93.4344,97.4026,,
775000,94.1226,97.5885,,
775500,95.2395,98.0229,,
776000,96.3774,98.4778,,
776500,96.8531,98.6842,,
777000,97.1613,98.0895,,
777500,97.0029,97.6703,,
778000,96.7742,98.2489,,
778500,96.5285,98.9087,,
779000,95.4061,98.9563,,
779500,93.9985,99.3737,,
780000,93.9037,100.285,,
780500,94.6334,100.843,,
781000,94.717,101.234,,
781500,94.1607,101.351,,
782000,93.3997,101.351,,
782500,92.5047,101.351,,
783000,93.2709,101.351,,
783500,94.3758,101.351,,
784000,94.0841,101.351,,
784500,94.1487,101.478,,
785000,94.6501,101.691,,
785500,95.409,101.224,,
786000,95.2292,101.356,,
786500,93.9423,102.329,,
787000,93.5287,102.449,,
787500,92.6524,102.329,,
788000,92.25,102.449,,
788500,93.3476,102.329,,
789000,93.8558,102.438,,
789500,95.0577,102.401,,
790000,97.2166,102.329,,
790500,98.2805,102.449,,
791000,98.4202,102.648,,
791500,99.2077,103.474,,
792000,100.949,103.605,,
792500,102.041,102.649,,
793000,101.751,102.376,,
793500,101.862,103.006,,
794000,101.832,103.375,,
794500,100.059,103.116,,
795000,97.1287,102.516,,
795500,95.5414,102.405,,
796000,95.5414,101.957,,
796500,96.5285,102.007,,
797000,98.5299,101.898,,
797500,99.9256,101.101,,
798000,101.523,100.807,,
798500,102.74,100.005,,
799000,103.015,99.7325,,
799500,103.815,99.3474,,
800000,104.445,99.2,,
800500,104.359,99.2879,,
801000,103.93,98.8,,
801500,102.523,99.2647,,
802000,100.039,99.2421,,
802500,99.2108,96.9304,,
803000,100.427,94.4622,,
803500,102.017,93.4578,,
804000,103.52,93.0859,,
804500,103.734,92.2338,,
805000,103.734,90.6098,,
805500,103.734,89.5209,,
806000,103.734,89.3114,,
806500,103.734,89.5787,,
807000,103.734,90.4447,,
807500,103.734,89.8694,,
808000,103.734,87.0296,,
808500,88.9034,87.3377,,
809000,90.5565,88.3877,,
809500,92.8345,87.6678,,
810000,94.6083,89.1037,,
810500,95.8343,87.8354,,
811000,96.8482,86.4372,,
811500,97.4026,87.8435,,
812000,96.7996,86.1958,,
812500,95.7505,86.7307,,
813000,95.1984,88.5444,,
813500,95.6232,86.8069,,
814000,95.3556,88.8706,,
814500,95.1886,89.9819,,
815000,96.297,88.7881,,
815500,96.9806,91.7052,,
816000,98.5935,91.5296,,
816500,99.6927,91.4557,,
817000,100.335,93.1282,,
817500,101.107,92.0058,,
818000,100.581,93.7674,,
818500,100.608,93.9775,,
819000,101.863,93.268,,
819500,102.057,94.7561,,
820000,101.09,93.2903,,
820500,98.6351,94.2887,,
821000,95.9158,95.7712,,
821500,97.0263,93.76,,
822000,98.6842,92.597,,
822500,97.8285,93.9918,,
823000,96.075,94.0906,,
823500,94.9891,92.4208,,
824000,95.2904,91.4859,,
824500,96.5911,89.853,,
825000,97.9768,91.6378,,
825500,98.1818,93.036,,
826000,97.6077,92.2068,,
826500,97.541,93.5033,,
827000,98.1818,92.8944,,
827500,99.6777,93.2251,,
828000,100.4,93.8559,,
828500,100.268,92.4841,,
829000,100.54,93.8923,,
829500,100.522,95.5414,,
830000,99.8712,95.3068,,
830500,100.361,95.6357,,
831000,101.068,96.4557,,
831500,100.092,95.8342,,
832000,98.6369,95.555,,
832500,97.5,95.2308,,
833000,97.9049,94.6154,,
833500,97.7598,95.1801,,
834000,95.0759,94.3024,,
834500,93.0363,95.1835,,
835000,92.9701,95.986,,
835500,91.5022,95.0649,,
836000,90.9403,96.3145,,
836500,92.0374,97.023,,
837000,91.9676,97.6986,,
837500,92.8354,98.6537,,
838000,94.0212,98.8594,,
838500,94.125,99.2947,,
839000,93.7466,99.7775,,
839500,93.3517,100,,
840000,93.1677,100.627,,
840500,93.3983,101.05,,
841000,94.148,100.946,,
841500,95.3425,100.95,,
842000,96.7256,100.483,,
842500,98.0588,100.392,,
843000,99.4869,101.34,,
843500,100.69,102.024,,
844000,101.221,101.826,,
844500,101.524,101.786,,
845000,102.218,102.256,,
845500,102.74,102.262,,
846000,101.49,101.663,,
846500,99.1959,101.666,,
847000,99.1959,102.01,,
847500,99.1959,101.848,,
848000,99.1959,101.503,,
848500,99.1959,101.222,,
849000,99.1959,100.546,,
849500,99.1959,100.333,,
850000,99.1959,100.668,,
850500,99.1959,100.671,,
851000,99.1959,100.394,,
851500,99.1959,99.9365,,
852000,99.1959,100.546,,
852500,82.1587,101.003,,
853000,84.4073,100.116,,
853500,85.8818,99.6564,,
854000,86.1281,99.5965,,
854500,86.2069,98.9961,,
855000,87.1156,98.2946,,
855500,87.067,98.0392,,
856000,85.0111,97.5585,,
856500,82.4968,96.926,,
857000,81.0811,96.4334,,
857500,81.1827,95.2161,,
858000,81.8509,94.3396,,
858500,78.7123,94.3396,,
859000,73.4366,94.3396,,
859500,73.8118,94.3396,,
860000,76.5512,94.3396,,
860500,78.355,88.2574,,
861000,79.7589,86.3564,,
861500,80.3707,86.3564,,
862000,80.8348,86.3564,,
862500,81.7173,86.9941,,
863000,83.2031,82.0202,,
863500,84.8835,87.9581,,
864000,85.7143,85.3241,,
864500,85.8857,80.8937,,
865000,85.556,84.7166,,
865500,83.7363,83.6304,,
866000,83.8154,85.642,,
866500,84.1361,89.1566,,
867000,81.4231,83.7376,,
867500,79.1957,86.9536,,
868000,78.5691,90.5487,,
868500,78.534,85.0047,,
869000,80.0584,87.7394,,
869500,81.4947,89.0337,,
870000,81.0259,85.6351,,
870500,81.4747,85.5968,,
871000,83.3899,91.3702,,
871500,85.5195,98.1032,,
872000,85.8953,94.8083,,
872500,85.0616,88.6039,,
873000,84.5662,92.5314,,
873500,83.5546,94.2925,,
874000,84.4518,90.631,,
874500,85.0348,91.2786,,
875000,82.342,92.5679,,
875500,81.0624,88.7823,,
876000,81.2903,85.8347,,
876500,80.8731,88.4175,,
877000,82.2094,89.6279,,
877500,82.7825,89.3186,,
878000,81.0877,88.9435,,
878500,81.6285,89.5176,,
879000,83.4498,90.9947,,
879500,84.6325,89.2786,,
880000,86.2239,87.9755,,
880500,87.0016,90.3163,,
881000,86.3185,89.9858,,
881500,85.3119,90.4756,,
882000,85.4939,92.5657,,
882500,86.3644,92.963,,
883000,87.2731,92.7683,,
883500,90.0245,91.1843,,
884000,92.0245,91.7655,,
884500,92.5767,94.4978,,
885000,93.653,95.1592,,
885500,94.586,95.2874,,
886000,95.2681,95.5414,,
886500,94.5444,95.5414,,
887000,94.0127,95.0762,,
887500,94.5733,94.2101,,
888000,93.6306,96.5736,,
888500,94.067,97.9114,,
889000,95.0943,96.121,,
889500,94.9216,95.7692,,
890000,96.1808,96.0123,,
890500,98.9515,96.5087,,
891000,101.739,96.7742,,
891500,102.14,97.4083,,
892000,101.214,98.0762,,
892500,100.946,97.7563,,
893000,101.177,97.4026,,
893500,101.52,97.7158,,
894000,102.928,98.0341,,
894500,103.476,97.7002,,
895000,103.333,97.0677,,
895500,104.024,96.8096,,
896000,104.167,97.4421,,
896500,104.292,98.3075,,
897000,104.583,98.63,,
897500,104.441,98.6842,,
898000,103.79,98.6842,,
898500,101.623,98.6842,,
899000,99.5679,99.0005,,
899500,99.1835,99.3273,,
900000,98.8567,99.5205,,
